指标,RF置换重要性均值,RF置换重要性标准差
BMI,0.22365714535485345,0.013974387828593685
血尿酸,0.21422683933383033,0.01825710754460755
TG（甘油三酯）,0.16860642926764133,0.006639967373125744
空腹血糖,0.16751022502712215,0.008672568010241207
LDL-C（低密度脂蛋白）,0.1629432336803404,0.0078018890411618025
HDL-C（高密度脂蛋白）,0.15945032166998174,0.00993570112912148
TC（总胆固醇）,0.15017930846180658,0.010222823147084772
活动量表总分（ADL总分+IADL总分）,0.11132128819007783,0.005858209038839442
