指标,Logit系数,OR=exp(coef),|系数|
TG（甘油三酯）,2.845380480747542,17.208104776081576,2.845380480747542
TC（总胆固醇）,2.0986083540373714,8.154813399134547,2.0986083540373714
HDL-C（高密度脂蛋白）,-0.5212831466010361,0.5937581801692475,0.5212831466010361
LDL-C（低密度脂蛋白）,0.46386842840472453,1.5902137297180252,0.46386842840472453
血尿酸,0.4619302060952151,1.5871345270438284,0.4619302060952151
空腹血糖,-0.01793803507294451,0.9822218937806448,0.01793803507294451
BMI,0.0,1.0,0.0
活动量表总分（ADL总分+IADL总分）,0.0,1.0,0.0
