指标,RF置换重要性均值,RF置换重要性标准差
TG（甘油三酯）,0.1210763260656347,0.010002437730416007
TC（总胆固醇）,0.09988059774232264,0.0070245518529561376
LDL-C（低密度脂蛋白）,0.0,0.0
HDL-C（高密度脂蛋白）,0.0,0.0
空腹血糖,0.0,0.0
血尿酸,0.0,0.0
BMI,0.0,0.0
活动量表总分（ADL总分+IADL总分）,0.0,0.0
