指标,H_stat,p_value,p_fdr_bh
BMI,9.806029421246897,0.020289001090849794,0.12716028350266714
TC（总胆固醇）,8.268116180387551,0.04078366758759351,0.12716028350266714
空腹血糖,7.920430750038548,0.04768510631350018,0.12716028350266714
血尿酸,5.423361086131295,0.14329501055221416,0.2470500002217643
HDL-C（高密度脂蛋白）,5.249602360133167,0.15440625013860268,0.2470500002217643
TG（甘油三酯）,1.939578742802193,0.5850415774472235,0.6871771819448672
LDL-C（低密度脂蛋白）,1.8631970755599736,0.6012800342017588,0.6871771819448672
活动量表总分（ADL总分+IADL总分）,0.6600107105677075,0.8825670334859428,0.8825670334859428
