指标,未确诊组均值,确诊组均值,组间差值(确诊-未确诊),point_biserial_r,|point_biserial_r|,pb_p_value,u_stat,mw_p_value,单变量AUC,AUC偏离0.5程度,pb_p_fdr_bh,mw_p_fdr_bh
TG（甘油三酯）,0.9642681159420291,2.125302395964691,1.1610342800226618,0.4667275417257277,0.4667275417257277,3.073682859230297e-55,24916.0,7.937315469088066e-54,0.8482129259035888,0.34821292590358877,2.4589462873842377e-54,6.349852375270453e-53
TC（总胆固醇）,4.339930917874397,6.3145084489281205,1.9745775310537237,0.4388401106774816,0.4388401106774816,2.5155727851818962e-48,31142.5,4.192544771122707e-43,0.8102813872592918,0.3102813872592918,1.0062291140727585e-47,1.677017908449083e-42
血尿酸,293.1690821256039,349.4892812105927,56.320199084988815,0.16151006139710133,0.16151006139710133,2.8251099234871855e-07,58186.0,1.0762796974903518e-10,0.6455336854481544,0.14553368544815437,4.520175877579497e-07,2.870079193307605e-10
LDL-C（低密度脂蛋白）,2.3849193236714976,2.6672621689785623,0.28234284530706466,0.18899408520336858,0.18899408520336858,1.707845168075584e-09,60567.0,6.16012700811927e-09,0.6310287479211214,0.1310287479211214,4.554253781534891e-09,1.232025401623854e-08
HDL-C（高密度脂蛋白）,1.3932352657004834,1.2804910466582597,-0.11274421904222365,-0.17658358444640468,0.17658358444640468,1.8951622871506246e-08,101444.0,1.658487107738268e-07,0.6179919708073663,0.11799197080736634,3.790324574301249e-08,2.653579372381229e-07
空腹血糖,5.066509178743961,4.960567717528373,-0.105941461215588,-0.042728718997794055,0.042728718997794055,0.17697512431549614,86754.0,0.2061621576569741,0.47149880293144725,0.028501197068552753,0.23596683242066152,0.27488287687596547
BMI,21.781644927536227,21.96855712484237,0.1869121973061425,0.025787221531328917,0.025787221531328917,0.41531328525183314,78977.5,0.4025517494502765,0.5188728670553332,0.018872867055333198,0.4746437545735236,0.46005914222888744
活动量表总分（ADL总分+IADL总分）,49.31400966183575,49.810844892812106,0.49683523097635884,0.019914762918485488,0.019914762918485488,0.529326256324057,79694.5,0.5198371364434272,0.485495062472967,0.014504937527033024,0.529326256324057,0.5198371364434272
