列联表卡方统计量,p_value,自由度,总体样本量,总体发病率
5.524255992875516,0.7003511772045798,8,1000,0.793
