体质标签,体质名称,回归系数beta,OR,OR_CI_lower,OR_CI_upper,p_value,相对基准组,OR显著性
3,阳虚质,0.31703203120365875,1.3730465515548207,0.638261584952974,2.953736958609983,0.41728047616751285,平和质,否
6,湿热质,-0.11803837903124492,0.8886619459755409,0.45085411738176373,1.7516088326112245,0.733150674338751,平和质,否
9,特禀质,-0.12301992867148293,0.8842460405363778,0.4135097340173384,1.8908649443581824,0.7510664870483249,平和质,否
2,气虚质,-0.1847527220428064,0.8313098230332585,0.437987672440628,1.5778435452775614,0.5720206740467796,平和质,否
4,阴虚质,-0.20902830643056455,0.8113722682655771,0.42697223392478517,1.5418448915495453,0.5233856169277336,平和质,否
5,痰湿质,-0.28581200815263286,0.7514038604699091,0.47077515480027954,1.1993151205454131,0.23088274401642417,平和质,否
7,血瘀质,-0.40776706589397,0.665133793124781,0.3506046350154261,1.2618286199698812,0.2119863681304187,平和质,否
8,气郁质,-0.5076666994008807,0.6018983514147288,0.315482535898394,1.1483413001106553,0.12348823875666604,平和质,否
