指标,rho,|rho|,p_value,p_fdr_bh
BMI,-0.11970930778236055,0.11970930778236055,0.046137171737138154,0.36909737389710523
血尿酸,-0.0870844000587507,0.0870844000587507,0.14756183969082756,0.5902473587633102
HDL-C（高密度脂蛋白）,-0.07223836046008177,0.07223836046008177,0.22990780989324172,0.6130874930486446
TG（甘油三酯）,-0.054180406801589864,0.054180406801589864,0.36814217707633085,0.7171594829211222
空腹血糖,0.04278513834158655,0.04278513834158655,0.47740530591428443,0.7171594829211222
活动量表总分（ADL总分+IADL总分）,-0.037101935906421586,0.037101935906421586,0.5378696121908416,0.7171594829211222
LDL-C（低密度脂蛋白）,-0.009799317193606397,0.009799317193606397,0.8707900838745211,0.9915295090824844
TC（总胆固醇）,0.0006396103370663784,0.0006396103370663784,0.9915295090824844,0.9915295090824844
